{
    "一": -6.154181538218064,
    "不": -6.154497820162962,
    "了": -2.6911258859165663,
    "在": -2.9486465979709404,
    "应": -6.155634464676272,
    "我": -3.1030490385436433,
    "是": -3.0918634208409306,
    "的": -1.385801049008233,
    "第": -0.6333207700094028,
    "非": -6.148775681353122
}