{
    "一": {
        "y": -0.9808292530117262,
        "yi": -0.4700036292457356
    },
    "不": {
        "b": -0.9808292530117262,
        "bu": -0.4700036292457356
    },
    "了": {
        "l": -0.9808292530117262,
        "le": -0.4700036292457356
    },
    "会": {
        "h": -1.0986122886681098,
        "hu": -2.1972245773362196,
        "hui": -0.587786664902119
    },
    "在": {
        "z": -1.0986122886681098,
        "za": -2.1972245773362196,
        "zai": -0.587786664902119
    },
    "常": {
        "c": -1.2992829841302609,
        "ch": -2.3978952727983707,
        "cha": -2.3978952727983707,
        "chan": -2.3978952727983707,
        "chang": -0.7884573603642702
    },
    "应": {
        "y": -1.2039728043259361,
        "yi": -2.3025850929940455,
        "yin": -2.3025850929940455,
        "ying": -0.6931471805599453
    },
    "我": {
        "w": -0.9808292530117262,
        "wo": -0.4700036292457356
    },
    "是": {
        "s": -1.0986122886681098,
        "sh": -2.1972245773362196,
        "shi": -0.587786664902119
    },
    "的": {
        "d": -0.9808292530117262,
        "de": -0.4700036292457356
    },
    "直": {
        "z": -1.0986122886681098,
        "zh": -2.1972245773362196,
        "zhi": -0.587786664902119
    },
    "第": {
        "d": -0.9808292530117262,
        "di": -0.4700036292457356
    },
    "该": {
        "g": -1.0986122886681098,
        "ga": -2.1972245773362196,
        "gai": -0.587786664902119
    },
    "非": {
        "f": -1.0986122886681098,
        "fe": -2.1972245773362196,
        "fei": -0.587786664902119
    }
}